date,title,url,source,symbol,summary,text,id
2025-03-14 15:27:30+00:00,"Stocks to watch this week: Tencent, Micron, Nike, Prudential and JD Wetherspoon",https://finance.yahoo.com/news/tencent-micron-nike-prudential-jd-wetherspoon-stocks-to-watch-152730798.html,Yahoo Finance UK,0941.HK,Earnings preview of key companies reporting this week and what to look out for,Earnings preview of key companies reporting this week and what to look out for,75993220-cafa-40e9-ba9e-e28fb29e84eb
2025-04-11 13:11:11+00:00,"Stocks to watch this week: Goldman Sachs, TSMC, ASML, Netflix, LVMH and Sainsbury's",https://finance.yahoo.com/news/goldman-sachs-tsmc-asml-netflix-lvmh-and-sainsburys-stocks-to-watch-131111514.html,Yahoo Finance UK,0941.HK,Earnings preview of key companies reporting this week and what to look out for.,Earnings preview of key companies reporting this week and what to look out for.,63b4a4b0-03c0-47f5-8c77-924188fd222e
2025-04-25 05:00:19+00:00,"Stocks to watch this week: Apple, Microsoft, Shell, HSBC, Lloyds and AstraZeneca",https://finance.yahoo.com/news/apple-microsoft-shell-hsbc-lloyds-astrazeneca-stocks-to-watch-050019911.html,Yahoo Finance UK,0939.HK,Earnings preview of key companies reporting next week and what to look out for.,Earnings preview of key companies reporting next week and what to look out for.,2c89b452-698a-4d24-af1d-51ba1bbeaaa2
2025-05-20 00:07:01+00:00,China cuts key rates to aid economy as trade war simmers,https://finance.yahoo.com/news/china-construction-bank-cuts-deposit-000701438.html,Reuters,0939.HK,"BEIJING/SHANGHAI (Reuters) -China cut benchmark lending rates for the first time since October on Tuesday, while major state banks lowered deposit rates as authorities work to ease monetary policy to help buffer the economy from the impact of the Sino-U.S. trade war.  The widely expected rate cuts are aimed at stimulating consumption and loan growth as the world's No. 2 economy softens, while still protecting commercial lenders' shrinking profit margins.  Still, the size of the rate reductions was mild and reflected the incremental pace of monetary easing in recent years and what analysts interpreted as some wariness among policymakers for more aggressive steps while they navigate the trade war with the United States.","BEIJING/SHANGHAI (Reuters) -China cut benchmark lending rates for the first time since October on Tuesday, while major state banks lowered deposit rates as authorities work to ease monetary policy to help buffer the economy from the impact of the Sino-U.S. trade war.  The widely expected rate cuts are aimed at stimulating consumption and loan growth as the world's No. 2 economy softens, while still protecting commercial lenders' shrinking profit margins.  Still, the size of the rate reductions was mild and reflected the incremental pace of monetary easing in recent years and what analysts interpreted as some wariness among policymakers for more aggressive steps while they navigate the trade war with the United States.",c97939f4-e625-35e0-863b-f99188569ad8
2025-05-21 10:06:26+00:00,"China Mobile closer to taking over Hong Kong broadband company HKBN, sources say",https://finance.yahoo.com/news/china-mobile-closer-taking-over-100626425.html,Reuters,0941.HK,"HONG KONG/SINGAPORE (Reuters) -China Mobile, the world's biggest wireless carrier by users, is moving closer to a deal to take over Hong Kong broadband company HKBN after rival bidder I Squared Capital dropped out of the race, three sources said.  U.S.-based global infrastructure investor I Squared was preparing to trump China Mobile's offer of HK$5.23 per HKBN share made in December, but was not keen to pay more than HK$6 apiece, Reuters reported in January.  I Squared however did not secure approval from Chinese sovereign wealth fund China Investment Corp (CIC) to go ahead with the bid for HKBN, said the sources, who have knowledge of the matter.","HONG KONG/SINGAPORE (Reuters) -China Mobile, the world's biggest wireless carrier by users, is moving closer to a deal to take over Hong Kong broadband company HKBN after rival bidder I Squared Capital dropped out of the race, three sources said.  U.S.-based global infrastructure investor I Squared was preparing to trump China Mobile's offer of HK$5.23 per HKBN share made in December, but was not keen to pay more than HK$6 apiece, Reuters reported in January.  I Squared however did not secure approval from Chinese sovereign wealth fund China Investment Corp (CIC) to go ahead with the bid for HKBN, said the sources, who have knowledge of the matter.",6ca5dcb6-cae8-3982-9d32-a9b2ca764c27
2025-05-26 10:54:30+00:00,"HKBN's chief executive says China Mobile offer not good enough, open to more bidders",https://finance.yahoo.com/news/hkbns-chief-executive-says-china-105430150.html,Reuters,0941.HK,"HONG KONG (Reuters) -China Mobile's HK$7.8 billion ($996.1 million)  takeover offer for broadband operator HKBN is not good enough and the Hong Kong-based company is open to engage with more bidders to get the best value for shareholders, its CEO said on Monday.  State-owned China Mobile made an offer for HKBN at HK$5.23 a share in December, and Reuters reported last Friday, citing sources, that it was moving closer to a deal after its rival U.S.-based I Squared Capital dropped out of the race.  HKBN Chief Executive William Yeung, who is also a board member and executive vice chairman of the company, told Reuters China Mobile's offer, which the board has not accepted, does not reflect the company's growth over the past six months.","HONG KONG (Reuters) -China Mobile's HK$7.8 billion ($996.1 million)  takeover offer for broadband operator HKBN is not good enough and the Hong Kong-based company is open to engage with more bidders to get the best value for shareholders, its CEO said on Monday.  State-owned China Mobile made an offer for HKBN at HK$5.23 a share in December, and Reuters reported last Friday, citing sources, that it was moving closer to a deal after its rival U.S.-based I Squared Capital dropped out of the race.  HKBN Chief Executive William Yeung, who is also a board member and executive vice chairman of the company, told Reuters China Mobile's offer, which the board has not accepted, does not reflect the company's growth over the past six months.",386d5634-f003-31c1-aefa-a619d46fd017
2025-06-17 15:53:27+00:00,FCC says China Mobile could face US fines for failing to cooperate in probe,https://tech.yahoo.com/business/articles/fcc-says-china-mobile-could-155327397.html,Reuters,0941.HK,"WASHINGTON (Reuters) -The Federal Communications Commission said on Tuesday it could fine China Mobile for failing to answer questions in the agency's probe to determine if its U.S. operations are seeking to evade American restrictions.  The regulator previously barred China Mobile and other Chinese companies from providing telecommunications services in the United States, citing national security concerns.  The FCC said in March it was investigating nine Chinese companies including China Mobile, Huawei Technologies, ZTE, Hangzhou Hikvision and China Telecom to determine if they are seeking to evade U.S. restrictions.","WASHINGTON (Reuters) -The Federal Communications Commission said on Tuesday it could fine China Mobile for failing to answer questions in the agency's probe to determine if its U.S. operations are seeking to evade American restrictions.  The regulator previously barred China Mobile and other Chinese companies from providing telecommunications services in the United States, citing national security concerns.  The FCC said in March it was investigating nine Chinese companies including China Mobile, Huawei Technologies, ZTE, Hangzhou Hikvision and China Telecom to determine if they are seeking to evade U.S. restrictions.",a35932f3-ba72-3727-b8bc-48ed9a8af095
2025-06-27 04:31:49+00:00,3 Asian Dividend Stocks To Consider With Up To 7.3% Yield,https://finance.yahoo.com/news/3-asian-dividend-stocks-consider-043149335.html,Simply Wall St.,0939.HK,"As global markets navigate a landscape of mixed economic signals and geopolitical tensions, Asian markets are drawing attention with their unique set of challenges and opportunities. In this environment, dividend stocks can offer a compelling blend of income and stability, making them particularly appealing for investors looking to balance risk with potential returns.","As global markets navigate a landscape of mixed economic signals and geopolitical tensions, Asian markets are drawing attention with their unique set of challenges and opportunities. In this environment, dividend stocks can offer a compelling blend of income and stability, making them particularly appealing for investors looking to balance risk with potential returns.",201cf675-d412-3b03-8c26-18713ca580d3
2025-08-29 16:00:02+00:00,Ping An Insurance Co. of China Ltd. (PNGAY) Is Up 2.67% in One Week: What You Should Know,https://finance.yahoo.com/news/ping-insurance-co-china-ltd-160002664.html,Zacks,2318.HK,Does Ping An Insurance Co. of China Ltd. (PNGAY) have what it takes to be a top stock pick for momentum investors? Let's find out.,Does Ping An Insurance Co. of China Ltd. (PNGAY) have what it takes to be a top stock pick for momentum investors? Let's find out.,c4d87285-5ebc-39f0-b482-47d5dbfa4069
2025-09-01 12:50:02+00:00,"Ping An Insurance Co. of China (PNGAY) is on the Move, Here's Why the Trend Could be Sustainable",https://finance.yahoo.com/news/ping-insurance-co-china-pngay-125002904.html,Zacks,2318.HK,"Ping An Insurance Co. of China (PNGAY) made it through our ""Recent Price Strength"" screen and could be a great choice for investors looking to make a profit from stocks that are currently on the move.","Ping An Insurance Co. of China (PNGAY) made it through our ""Recent Price Strength"" screen and could be a great choice for investors looking to make a profit from stocks that are currently on the move.",1b7682e2-3fa5-38d4-8ada-c334f70cb1e2
2025-09-09 12:03:28+00:00,AIA Group (SEHK:1299): Examining Valuation as Shares Quietly Build Momentum Without Major News,https://finance.yahoo.com/news/aia-group-sehk-1299-examining-120328559.html,Simply Wall St.,1299.HK,"AIA Group (SEHK:1299) has caught the eye of many investors lately, with its stock quietly building momentum even in the absence of a headline-grabbing event. When a stock moves without a clear trigger, it often raises interesting questions, such as whether the market is anticipating a shift in fundamentals or reassessing its outlook. Sometimes, these subtle changes in sentiment can be just as telling as big announcements. Looking at the past year, AIA Group's share price has climbed over...","AIA Group (SEHK:1299) has caught the eye of many investors lately, with its stock quietly building momentum even in the absence of a headline-grabbing event. When a stock moves without a clear trigger, it often raises interesting questions, such as whether the market is anticipating a shift in fundamentals or reassessing its outlook. Sometimes, these subtle changes in sentiment can be just as telling as big announcements. Looking at the past year, AIA Group's share price has climbed over...",3fcdb7c5-3230-3be3-8a6a-757197fbbc36
2025-09-16 08:53:00+00:00,"The Zacks Analyst Blog Highlights Micron, Crowdstrike and Ping An Insurance",https://finance.yahoo.com/news/zacks-analyst-blog-highlights-micron-085300719.html,Zacks,2318.HK,"As central banks gear up for a pivotal week of decisions, Zacks analysts spotlight Micron, Crowdstrike, and Ping An Insurance as strong plays in semiconductors, cybersecurity, and multi-line insurance.","As central banks gear up for a pivotal week of decisions, Zacks analysts spotlight Micron, Crowdstrike, and Ping An Insurance as strong plays in semiconductors, cybersecurity, and multi-line insurance.",a60acfce-3603-3584-8430-55529338ac7a
2025-10-02 12:30:28+00:00,"Exclusive-China’s banks lend to Saudi gas project while its funds sit out of BlackRock-led deal, sources say",https://finance.yahoo.com/news/exclusive-china-banks-lend-saudi-123028339.html,Reuters,0939.HK,"By Hadeel Al Sayegh DUBAI (Reuters) -China’s biggest state banks are lending billions to Aramco’s Jafurah gas project, though its funds have passed on the opportunity to invest in the venture, three","By Hadeel Al Sayegh DUBAI (Reuters) -China’s biggest state banks are lending billions to Aramco’s Jafurah gas project, though its funds have passed on the opportunity to invest in the venture, three",13229c39-1179-3e7e-aa2d-1ef39c7def6b
2025-10-02 15:40:22+00:00,China Mobile (SEHK:941): A Closer Look at Valuation After Steady Share Price Gains This Year,https://finance.yahoo.com/news/china-mobile-sehk-941-closer-154022664.html,Simply Wall St.,0941.HK,"China Mobile (SEHK:941) shares edged higher today, closing at HK$84.95. The stock has delivered a steady 12% year-to-date return, supported by modest revenue and net income growth over the past year. See our latest analysis for China Mobile. China Mobile’s share price has edged up by double digits this year, adding to a solid run that has delivered a total shareholder return of nearly 20 percent over the past twelve months. Momentum has stayed positive thanks to steady fundamentals and a...","China Mobile (SEHK:941) shares edged higher today, closing at HK$84.95. The stock has delivered a steady 12% year-to-date return, supported by modest revenue and net income growth over the past year. See our latest analysis for China Mobile. China Mobile’s share price has edged up by double digits this year, adding to a solid run that has delivered a total shareholder return of nearly 20 percent over the past twelve months. Momentum has stayed positive thanks to steady fundamentals and a...",b3547384-84a4-30d1-bef0-4dfd3ca30878
2025-10-09 16:11:04+00:00,China Construction Bank (SEHK:939): Evaluating Valuation After a Strong Year for Shares,https://finance.yahoo.com/news/china-construction-bank-sehk-939-161104422.html,Simply Wall St.,0939.HK,"China Construction Bank (SEHK:939) shares have seen mixed performance lately, with a slight uptick today but a broader pullback over the past month. Investors are watching how recent shifts in the banking sector could shape the stock's next move. See our latest analysis for China Construction Bank. China Construction Bank’s share price has surged 20.7% so far this year, even after a recent pullback. The past 12 months saw a total shareholder return of nearly 30%. This momentum suggests...","China Construction Bank (SEHK:939) shares have seen mixed performance lately, with a slight uptick today but a broader pullback over the past month. Investors are watching how recent shifts in the banking sector could shape the stock's next move. See our latest analysis for China Construction Bank. China Construction Bank’s share price has surged 20.7% so far this year, even after a recent pullback. The past 12 months saw a total shareholder return of nearly 30%. This momentum suggests...",87ab267f-db6b-3a91-83cd-37220b10374c
2025-11-03 10:42:41+00:00,Foreign holdings of Indian bonds poised to reach new highs on rate cut bets,https://finance.yahoo.com/news/foreign-holdings-indian-bonds-poised-104241046.html,Reuters,1398.HK,"By Dharamraj Dhutia MUMBAI (Reuters) -Foreign investors increased their exposure to Indian government bonds in October by the most of any month so far this financial year, the latest data showed on","By Dharamraj Dhutia MUMBAI (Reuters) -Foreign investors increased their exposure to Indian government bonds in October by the most of any month so far this financial year, the latest data showed on",8d16afbd-c019-3389-aa14-6120baf2e281
2025-11-19 14:41:03+00:00,Are Investors Undervaluing Assurant (AIZ) Right Now?,https://finance.yahoo.com/news/investors-undervaluing-assurant-aiz-now-144103838.html,Zacks,2318.HK,"Here at Zacks, our focus is on the proven Zacks Rank system, which emphasizes earnings estimates and estimate revisions to find great stocks. Nevertheless, we are always paying attention to the latest value, growth, and momentum trends to underscore strong picks.","Here at Zacks, our focus is on the proven Zacks Rank system, which emphasizes earnings estimates and estimate revisions to find great stocks. Nevertheless, we are always paying attention to the latest value, growth, and momentum trends to underscore strong picks.",2200fa73-170c-355a-b6b3-264005ad5b05
2025-11-25 14:40:02+00:00,Is Horace Mann Educators (HMN) a Great Value Stock Right Now?,https://finance.yahoo.com/news/horace-mann-educators-hmn-great-144002722.html,Zacks,2318.HK,"Here at Zacks, our focus is on the proven Zacks Rank system, which emphasizes earnings estimates and estimate revisions to find great stocks. Nevertheless, we are always paying attention to the latest value, growth, and momentum trends to underscore strong picks.","Here at Zacks, our focus is on the proven Zacks Rank system, which emphasizes earnings estimates and estimate revisions to find great stocks. Nevertheless, we are always paying attention to the latest value, growth, and momentum trends to underscore strong picks.",764fcf15-be7f-3110-be0a-c47d2f3c0ef4
2025-11-28 16:32:00+00:00,Is Bank of America Riskier Now According to FSB's 2025 G-SIB List?,https://finance.yahoo.com/news/bank-america-riskier-now-according-163200684.html,Zacks,1398.HK,"BAC and DB see shifts in their global systemic bank buckets as the FSB updates its 2025 G-SIB list, altering capital buffer requirements.","BAC and DB see shifts in their global systemic bank buckets as the FSB updates its 2025 G-SIB list, altering capital buffer requirements.",4668ad94-b462-37f4-9401-edb877d5af45
2025-12-01 14:40:05+00:00,Is Ping An Insurance Co. of China (PNGAY) Stock Undervalued Right Now?,https://finance.yahoo.com/news/ping-insurance-co-china-pngay-144005710.html,Zacks,2318.HK,"Here at Zacks, our focus is on the proven Zacks Rank system, which emphasizes earnings estimates and estimate revisions to find great stocks. Nevertheless, we are always paying attention to the latest value, growth, and momentum trends to underscore strong picks.","Here at Zacks, our focus is on the proven Zacks Rank system, which emphasizes earnings estimates and estimate revisions to find great stocks. Nevertheless, we are always paying attention to the latest value, growth, and momentum trends to underscore strong picks.",a923decf-2ca1-3567-b390-e198fee71d2c
2025-12-03 10:11:29+00:00,HSBC names interim chair to role permanently,https://finance.yahoo.com/news/hsbc-names-interim-chair-role-101129862.html,Banking Dive,1299.HK,The move comes a day after CEO Georges Elhedery downplayed the likelihood that 76-year-old KPMG alum Brendan Nelson would serve long-term.,The move comes a day after CEO Georges Elhedery downplayed the likelihood that 76-year-old KPMG alum Brendan Nelson would serve long-term.,3303f290-3135-3752-9265-d302bcb02d3b
2025-12-10 09:30:00+00:00,JD.com buys into Hong Kong Central tower as Lai Sun offloads US$450 million stake,https://finance.yahoo.com/news/jd-com-buys-hong-kong-093000599.html,South China Morning Post,0939.HK,"JD.com has agreed to acquire a stake in a major office tower in Hong Kong's Central district, mirroring a property move by its rival Alibaba Group Holding and offering a financial lift to the cash-strapped developer Lai Sun Development. Lai Sun Development and its parent Lai Sun Garment entered into an agreement with Jasmine Investment Development IV Limited, an investment entity of JD.com, to sell its 50 per cent stake in the China Construction Bank Tower for HK$3.5 billion (US$450 million), ac","JD.com has agreed to acquire a stake in a major office tower in Hong Kong's Central district, mirroring a property move by its rival Alibaba Group Holding and offering a financial lift to the cash-strapped developer Lai Sun Development. Lai Sun Development and its parent Lai Sun Garment entered into an agreement with Jasmine Investment Development IV Limited, an investment entity of JD.com, to sell its 50 per cent stake in the China Construction Bank Tower for HK$3.5 billion (US$450 million), ac",76462bea-1a18-3350-a28c-7d232d939337
2025-12-11 17:21:00+00:00,5 Life Insurers Stocks to Buy in a Low-Interest Rate Environment,https://finance.yahoo.com/news/5-life-insurers-stocks-buy-172100284.html,Zacks,1299.HK,"Redesigning and repricing of products and services amid a low rate environment are likely to help Zacks Life Insurance industry players like AAGIY, MFC, LNC, JXN and FG. These companies are investing heavily in digitization.","Redesigning and repricing of products and services amid a low rate environment are likely to help Zacks Life Insurance industry players like AAGIY, MFC, LNC, JXN and FG. These companies are investing heavily in digitization.",d0d2a2c5-7490-3203-b204-29399ed2f03d
2025-12-12 10:59:00+00:00,"Zacks Industry Outlook Highlights AIA Group, Manulife, Lincoln National, Jackson Financial and F&G Annuities & Life",https://finance.yahoo.com/news/zacks-industry-outlook-highlights-aia-105900925.html,Zacks,1299.HK,AIA Group and peers face muted rates and rising tech costs as product redesigns and digital adoption reshape the life insurance landscape.,AIA Group and peers face muted rates and rising tech costs as product redesigns and digital adoption reshape the life insurance landscape.,3a0187bb-d666-3d45-b76f-43dd9613dab5
2025-12-13 20:11:09+00:00,Assessing AIA Group’s Valuation After 43% Rally and China Expansion News,https://finance.yahoo.com/news/assessing-aia-group-valuation-43-201109037.html,Simply Wall St.,1299.HK,"If you are wondering whether AIA Group is still a smart buy after its big run up, or if the easy money has already been made, this article will walk you through what the current share price really implies about its value. The stock is up 42.9% year to date and 43.7% over the last year, even after a recent 6.1% pullback over the past month and a modest 0.9% gain this week. This tells us sentiment has shifted decisively in its favor. Recent headlines have focused on AIA's continued expansion...","If you are wondering whether AIA Group is still a smart buy after its big run up, or if the easy money has already been made, this article will walk you through what the current share price really implies about its value. The stock is up 42.9% year to date and 43.7% over the last year, even after a recent 6.1% pullback over the past month and a modest 0.9% gain this week. This tells us sentiment has shifted decisively in its favor. Recent headlines have focused on AIA's continued expansion...",9de35603-cb00-3deb-8bc6-db4aaf1a6676
2025-12-15 11:34:05+00:00,DBS appointed as Singapore's second renminbi clearing bank,https://finance.yahoo.com/news/dbs-appointed-singapores-second-renminbi-113405195.html,Reuters,1398.HK,"SINGAPORE, Dec 15 (Reuters) - DBS Bank was appointed as the second renminbi (RMB) clearing bank in Singapore, one of 27 agreements signed during an annual bilateral meeting held in southwest China's","SINGAPORE, Dec 15 (Reuters) - DBS Bank was appointed as the second renminbi (RMB) clearing bank in Singapore, one of 27 agreements signed during an annual bilateral meeting held in southwest China's",ef8be9b6-3a7e-3950-9467-bef0de799410
2025-12-16 17:00:03+00:00,What Makes Ping An Insurance Co. of China Ltd. (PNGAY) a Strong Momentum Stock: Buy Now?,https://finance.yahoo.com/news/makes-ping-insurance-co-china-170003260.html,Zacks,2318.HK,Does Ping An Insurance Co. of China Ltd. (PNGAY) have what it takes to be a top stock pick for momentum investors? Let's find out.,Does Ping An Insurance Co. of China Ltd. (PNGAY) have what it takes to be a top stock pick for momentum investors? Let's find out.,89bdb420-7cdb-3a5c-8739-8ad24d25d929
2025-12-17 21:09:43+00:00,Is ICBC (SEHK:1398) Still Undervalued After Its Strong 12-Month Share Price Run?,https://finance.yahoo.com/news/icbc-sehk-1398-still-undervalued-210943763.html,Simply Wall St.,1398.HK,"Recent performance and why ICBC is on investors’ radar Industrial and Commercial Bank of China SEHK:1398 has quietly delivered a strong share price run this year, and that performance alone is prompting investors to revisit the bank’s earnings power and valuation. With the stock up about 24% year to date and roughly 35% over the past year, the market is starting to price in steadier revenue and profit growth, even as the shares still trade at what looks like a discounted valuation. See our...","Recent performance and why ICBC is on investors’ radar Industrial and Commercial Bank of China SEHK:1398 has quietly delivered a strong share price run this year, and that performance alone is prompting investors to revisit the bank’s earnings power and valuation. With the stock up about 24% year to date and roughly 35% over the past year, the market is starting to price in steadier revenue and profit growth, even as the shares still trade at what looks like a discounted valuation. See our...",a15e797e-eff3-363f-a54a-c581a16b477c
2025-12-18 05:09:32+00:00,Is ICBC Still Attractively Priced After 24% YTD Rally And Beijing Support Measures?,https://finance.yahoo.com/news/icbc-still-attractively-priced-24-050932856.html,Simply Wall St.,1398.HK,"If you are wondering whether Industrial and Commercial Bank of China is still good value after its big run up, you are not alone. This article will walk through exactly what the market may be missing. The stock has pulled back slightly in the last week, down 0.8%, and about 7.4% over the past month. That comes after a powerful move with gains of 24.3% year to date, 35.0% over 1 year and roughly a doubling over 3 and 5 years. Recent headlines have focused on Beijing's ongoing support for the...","If you are wondering whether Industrial and Commercial Bank of China is still good value after its big run up, you are not alone. This article will walk through exactly what the market may be missing. The stock has pulled back slightly in the last week, down 0.8%, and about 7.4% over the past month. That comes after a powerful move with gains of 24.3% year to date, 35.0% over 1 year and roughly a doubling over 3 and 5 years. Recent headlines have focused on Beijing's ongoing support for the...",d027fc7f-9555-35f9-b615-0f7e01ea3038
2025-12-23 15:12:00+00:00,"The Zacks Analyst Blog Highlights Capital One Financial, BHP and Ping An Insurance",https://finance.yahoo.com/news/zacks-analyst-blog-highlights-capital-151200970.html,Zacks,2318.HK,Capital One Financial headlines Zacks' latest Analyst Blog as investors eye a possible Santa Rally amid global market volatility and key macro events.,Capital One Financial headlines Zacks' latest Analyst Blog as investors eye a possible Santa Rally amid global market volatility and key macro events.,cf19eee4-8f5b-3c60-ad07-5fa47ed45866
2026-01-05 15:28:41+00:00,DEM Offers Double the Yield of VOO With $3.3 Billion in Assets: Is the Distribution Volatility Worth It for 2026?,https://finance.yahoo.com/news/dem-offers-double-yield-voo-152841033.html,24/7 Wall St.,1398.HK,"The WisdomTree Emerging Markets High Dividend Fund (NYSEARCA:DEM) offers retirees exposure to high-yielding companies across developing markets with a current yield of 4.87%. With $3.3 billion in assets and an 18-year track record since 2007, DEM generates income by holding dividend-paying equities from emerging markets, primarily concentrated in Chinese financials, Taiwanese technology firms, and energy ... DEM Offers Double the Yield of VOO With $3.3 Billion in Assets: Is the Distribution Vola","The WisdomTree Emerging Markets High Dividend Fund (NYSEARCA:DEM) offers retirees exposure to high-yielding companies across developing markets with a current yield of 4.87%. With $3.3 billion in assets and an 18-year track record since 2007, DEM generates income by holding dividend-paying equities from emerging markets, primarily concentrated in Chinese financials, Taiwanese technology firms, and energy ... DEM Offers Double the Yield of VOO With $3.3 Billion in Assets: Is the Distribution Vola",9fe0c080-0aea-3109-ba21-80a4e99f8390
2026-01-05 15:28:41+00:00,DEM Offers Double the Yield of VOO With $3.3 Billion in Assets: Is the Distribution Volatility Worth It for 2026?,https://finance.yahoo.com/news/dem-offers-double-yield-voo-152841033.html,24/7 Wall St.,0939.HK,"The WisdomTree Emerging Markets High Dividend Fund (NYSEARCA:DEM) offers retirees exposure to high-yielding companies across developing markets with a current yield of 4.87%. With $3.3 billion in assets and an 18-year track record since 2007, DEM generates income by holding dividend-paying equities from emerging markets, primarily concentrated in Chinese financials, Taiwanese technology firms, and energy ... DEM Offers Double the Yield of VOO With $3.3 Billion in Assets: Is the Distribution Vola","The WisdomTree Emerging Markets High Dividend Fund (NYSEARCA:DEM) offers retirees exposure to high-yielding companies across developing markets with a current yield of 4.87%. With $3.3 billion in assets and an 18-year track record since 2007, DEM generates income by holding dividend-paying equities from emerging markets, primarily concentrated in Chinese financials, Taiwanese technology firms, and energy ... DEM Offers Double the Yield of VOO With $3.3 Billion in Assets: Is the Distribution Vola",9fe0c080-0aea-3109-ba21-80a4e99f8390
2026-01-14 17:13:25+00:00,China Opens Antitrust Probe Into Trip.com Ahead of Lunar New Year Travel Surge,https://finance.yahoo.com/news/china-opens-antitrust-probe-trip-171325935.html,GuruFocus.com,3690.HK,China's market regulator is investigating Trip.com for alleged monopolistic practices as holiday travel demand accelerates.,China's market regulator is investigating Trip.com for alleged monopolistic practices as holiday travel demand accelerates.,53aa27db-9350-33da-81b3-dece527a0c0f
2026-01-16 12:14:11+00:00,Can PDD (PDD) Turn Its Billion-Dollar Supermarket Bet Into Lasting Competitive Advantage?,https://finance.yahoo.com/news/pdd-pdd-turn-billion-dollar-121411959.html,Simply Wall St.,3690.HK,"PDD Holdings recently began internal beta testing of its “Billion-Dollar Supermarket” grocery service within its app, using heavy subsidies and time-limited coupons to attract price-sensitive users and counter intense competition from JD.com, Alibaba, and Meituan. This move marks a push deeper into everyday essentials, potentially increasing user stickiness at a time when the broader China internet sector faces rising regulatory scrutiny and shifting trade conditions. Now we'll examine how...","PDD Holdings recently began internal beta testing of its “Billion-Dollar Supermarket” grocery service within its app, using heavy subsidies and time-limited coupons to attract price-sensitive users and counter intense competition from JD.com, Alibaba, and Meituan. This move marks a push deeper into everyday essentials, potentially increasing user stickiness at a time when the broader China internet sector faces rising regulatory scrutiny and shifting trade conditions. Now we'll examine how...",5212a271-6d0b-3b35-b3ab-4668b99adb6b
2026-01-18 11:16:24+00:00,Strong Analyst Confidence in Alibaba Group Holding (BABA) Amid AI and Cloud Momentum,https://finance.yahoo.com/news/strong-analyst-confidence-alibaba-group-111624428.html,Insider Monkey,3690.HK,"Alibaba Group Holding Limited (NYSE:BABA) is included in our list of the best stocks to buy right now. Alibaba Group Holding Limited (NYSE:BABA) enjoys strong investor confidence, with 85% of Wall Street analysts bullish on the stock as of January 12, 2026. The consensus price target of $196.99 implies a 31.50% upside. On January 5, […]","Alibaba Group Holding Limited (NYSE:BABA) is included in our list of the best stocks to buy right now. Alibaba Group Holding Limited (NYSE:BABA) enjoys strong investor confidence, with 85% of Wall Street analysts bullish on the stock as of January 12, 2026. The consensus price target of $196.99 implies a 31.50% upside. On January 5, […]",998bf5fb-867b-357e-b5c0-2c678c7c9ae4
2026-01-20 15:25:15+00:00,Baidu shares climb as Ernie AI reportedly hits 200 million monthly user mark,https://finance.yahoo.com/news/baidu-shares-climb-ernie-ai-152515850.html,Investing.com,3690.HK,"Investing.com -- Baidu Inc (NASDAQ:BIDU) shares rose 1% in Tuesday trading following reports that its primary artificial intelligence interface has reached a significant adoption milestone. The Beijing-based search giant’s Ernie Assistant has officially surpassed 200 million monthly active users, according to reporting from The Wall Street Journal, citing people familiar with the matter. The growth comes as the company deepens the integration of its Ernie model into its flagship search applicati","Investing.com -- Baidu Inc (NASDAQ:BIDU) shares rose 1% in Tuesday trading following reports that its primary artificial intelligence interface has reached a significant adoption milestone. The Beijing-based search giant’s Ernie Assistant has officially surpassed 200 million monthly active users, according to reporting from The Wall Street Journal, citing people familiar with the matter. The growth comes as the company deepens the integration of its Ernie model into its flagship search applicati",ad0433bc-8281-3960-b1c5-8f1d8b414181
2026-01-22 18:08:54+00:00,Visa Enables Apple Pay Support for Chinese Visa Cardholders,https://finance.yahoo.com/news/visa-enables-apple-pay-support-180854851.html,Insider Monkey,1398.HK,"Visa Inc. (NYSE:V) is one of the 15 Best S&P 500 Stocks to Look For in 2026. On January 15, Visa Inc. (NYSE:V) announced that it has enabled Apple Pay support for Chinese Visa cardholders. Eligible customers from the partnering Chinese banks will be allowed to add their Visa cards to Apple Pay and make […]","Visa Inc. (NYSE:V) is one of the 15 Best S&P 500 Stocks to Look For in 2026. On January 15, Visa Inc. (NYSE:V) announced that it has enabled Apple Pay support for Chinese Visa cardholders. Eligible customers from the partnering Chinese banks will be allowed to add their Visa cards to Apple Pay and make […]",0a8b3154-13a1-3726-818b-b2514bb905f2
2026-01-22 18:08:54+00:00,Visa Enables Apple Pay Support for Chinese Visa Cardholders,https://finance.yahoo.com/news/visa-enables-apple-pay-support-180854851.html,Insider Monkey,0939.HK,"Visa Inc. (NYSE:V) is one of the 15 Best S&P 500 Stocks to Look For in 2026. On January 15, Visa Inc. (NYSE:V) announced that it has enabled Apple Pay support for Chinese Visa cardholders. Eligible customers from the partnering Chinese banks will be allowed to add their Visa cards to Apple Pay and make […]","Visa Inc. (NYSE:V) is one of the 15 Best S&P 500 Stocks to Look For in 2026. On January 15, Visa Inc. (NYSE:V) announced that it has enabled Apple Pay support for Chinese Visa cardholders. Eligible customers from the partnering Chinese banks will be allowed to add their Visa cards to Apple Pay and make […]",0a8b3154-13a1-3726-818b-b2514bb905f2
2026-01-23 02:09:42+00:00,Assessing China Construction Bank’s Valuation After Recent Short Term Share Price Weakness,https://finance.yahoo.com/news/assessing-china-construction-bank-valuation-020942028.html,Simply Wall St.,0939.HK,"Recent performance snapshot China Construction Bank (SEHK:939) has seen mixed share performance recently, with a 1 day return of about a 0.8% decline and a 7 day return of roughly a 3.1% decline. Over the past month the stock was flat, while the past 3 months show a return of about a 3.5% decline and year to date performance of roughly a 2.4% decline. See our latest analysis for China Construction Bank. At a share price of HK$7.61, recent short term share price weakness contrasts with a much...","Recent performance snapshot China Construction Bank (SEHK:939) has seen mixed share performance recently, with a 1 day return of about a 0.8% decline and a 7 day return of roughly a 3.1% decline. Over the past month the stock was flat, while the past 3 months show a return of about a 3.5% decline and year to date performance of roughly a 2.4% decline. See our latest analysis for China Construction Bank. At a share price of HK$7.61, recent short term share price weakness contrasts with a much...",25c8f27d-df01-3c96-b8c1-6cb828f93a29
2026-01-24 19:10:27+00:00,Industrial And Commercial Bank Of China (SEHK:1398) Valuation Revisited As Recent Returns Draw Fresh Investor Attention,https://finance.yahoo.com/news/industrial-commercial-bank-china-sehk-191027360.html,Simply Wall St.,1398.HK,"Why Industrial and Commercial Bank of China Is Back on Investors’ Radar With no single headline event driving attention today, Industrial and Commercial Bank of China (SEHK:1398) is drawing interest as investors reassess its recent share performance and core banking fundamentals. See our latest analysis for Industrial and Commercial Bank of China. Short term share price momentum has cooled, with a 7 day share price return of 3.15% and a year to date share price return of 3.00%. However, the 1...","Why Industrial and Commercial Bank of China Is Back on Investors’ Radar With no single headline event driving attention today, Industrial and Commercial Bank of China (SEHK:1398) is drawing interest as investors reassess its recent share performance and core banking fundamentals. See our latest analysis for Industrial and Commercial Bank of China. Short term share price momentum has cooled, with a 7 day share price return of 3.15% and a year to date share price return of 3.00%. However, the 1...",3a5d0984-d556-3978-8ca4-c353531cc929
2026-01-25 00:18:18+00:00,Is Industrial And Commercial Bank Of China (SEHK:1398) Pricing Look Attractive After Recent Share Gains?,https://finance.yahoo.com/news/industrial-commercial-bank-china-sehk-001818604.html,Simply Wall St.,1398.HK,"If you are wondering whether Industrial and Commercial Bank of China is attractively priced right now, you are not alone. The stock often draws attention from investors looking for clear value signals. The share price last closed at HK$6.15, with a 3.1% decline over the past week, a 0.3% gain over the last 30 days, a 3.0% decline year to date, and returns of 23.6% over 1 year, 82.1% over 3 years, and 82.4% over 5 years. Recent coverage has focused on Industrial and Commercial Bank of China...","If you are wondering whether Industrial and Commercial Bank of China is attractively priced right now, you are not alone. The stock often draws attention from investors looking for clear value signals. The share price last closed at HK$6.15, with a 3.1% decline over the past week, a 0.3% gain over the last 30 days, a 3.0% decline year to date, and returns of 23.6% over 1 year, 82.1% over 3 years, and 82.4% over 5 years. Recent coverage has focused on Industrial and Commercial Bank of China...",63a39d9d-5dbe-3ef4-afd7-7c8d4e855b96
2026-01-27 13:08:32+00:00,China AI Hardware Earnings Pull Further Ahead of Internet Giants,https://finance.yahoo.com/news/china-ai-hardware-earnings-pull-130832076.html,GuruFocus.com,3690.HK,"Bloomberg Intelligence data shows IT profit estimates up 50% year-on-year, while China's Tech 8 face a 12% decline amid competition.","Bloomberg Intelligence data shows IT profit estimates up 50% year-on-year, while China's Tech 8 face a 12% decline amid competition.",983f566f-7083-35ca-9249-fe145d233b71
2026-01-28 14:40:04+00:00,Are Investors Undervaluing Ping An Insurance Co. of China (PNGAY) Right Now?,https://finance.yahoo.com/news/investors-undervaluing-ping-insurance-co-144004285.html,Zacks,2318.HK,"Here at Zacks, our focus is on the proven Zacks Rank system, which emphasizes earnings estimates and estimate revisions to find great stocks. Nevertheless, we are always paying attention to the latest value, growth, and momentum trends to underscore strong picks.","Here at Zacks, our focus is on the proven Zacks Rank system, which emphasizes earnings estimates and estimate revisions to find great stocks. Nevertheless, we are always paying attention to the latest value, growth, and momentum trends to underscore strong picks.",e4763c76-b54f-3ee9-90f1-a983492ad631
2026-01-30 04:31:55+00:00,Asian Dividend Stocks To Enhance Your Portfolio,https://finance.yahoo.com/news/asian-dividend-stocks-enhance-portfolio-043155135.html,Simply Wall St.,1398.HK,"As Asian markets navigate a landscape of mixed economic indicators and geopolitical uncertainties, investors are increasingly turning their attention to dividend stocks as a means of enhancing portfolio stability. In such an environment, stocks that offer consistent dividends can provide a reliable income stream while potentially mitigating the impact of market volatility.","As Asian markets navigate a landscape of mixed economic indicators and geopolitical uncertainties, investors are increasingly turning their attention to dividend stocks as a means of enhancing portfolio stability. In such an environment, stocks that offer consistent dividends can provide a reliable income stream while potentially mitigating the impact of market volatility.",12372e2a-cbea-3037-8f83-817b7b2b5c1b
2026-01-30 09:32:09+00:00,Global Dividend Stocks To Watch In January 2026,https://finance.yahoo.com/news/global-dividend-stocks-watch-january-093209521.html,Simply Wall St.,0939.HK,"As global markets navigate a volatile start to the year, with U.S. indices experiencing fluctuations due to geopolitical tensions and revised economic forecasts, investors are closely monitoring opportunities in dividend stocks. In such uncertain times, dividend-paying stocks can offer a measure of stability and income potential, making them an attractive option for those seeking to balance growth with consistent returns amidst market turbulence.","As global markets navigate a volatile start to the year, with U.S. indices experiencing fluctuations due to geopolitical tensions and revised economic forecasts, investors are closely monitoring opportunities in dividend stocks. In such uncertain times, dividend-paying stocks can offer a measure of stability and income potential, making them an attractive option for those seeking to balance growth with consistent returns amidst market turbulence.",3b730456-a907-399b-b95d-b534ad999af8
2026-01-30 20:23:34+00:00,Baidu’s AI Models Continue to Expand with Ernie Assistant Surpassing 200 million Monthly Active Users,https://finance.yahoo.com/news/baidu-ai-models-continue-expand-202334075.html,Insider Monkey,3690.HK,"Baidu, Inc. (NASDAQ:BIDU) is one of the Top 15 Chinese Companies on US Exchanges. On January 20, WSJ reported that Baidu, Inc.’s AI assistant has surpassed 200 million monthly active users. Amid the growing AI competition among Chinese tech giants, Baidu’s flagship AI model Ernie Assistant is integrated into the company’s leading search engine app […]","Baidu, Inc. (NASDAQ:BIDU) is one of the Top 15 Chinese Companies on US Exchanges. On January 20, WSJ reported that Baidu, Inc.’s AI assistant has surpassed 200 million monthly active users. Amid the growing AI competition among Chinese tech giants, Baidu’s flagship AI model Ernie Assistant is integrated into the company’s leading search engine app […]",0341e2d0-6b14-3511-ac76-269d876766a5
2026-02-01 14:10:18+00:00,Assessing Meituan (SEHK:3690) Valuation After Prolonged Share Price Weakness,https://finance.yahoo.com/news/assessing-meituan-sehk-3690-valuation-141018036.html,Simply Wall St.,3690.HK,"Recent share performance puts Meituan in focus With no single headline event driving Meituan (SEHK:3690) today, recent share performance is drawing attention. The stock shows negative returns over the past week, month, past 3 months, year, and three and five year periods. See our latest analysis for Meituan. At the current share price of HK$97.2, Meituan’s recent 1 month share price return of a 5.91% decline sits alongside a 1 year total shareholder return of a 34.41% decline. This suggests...","Recent share performance puts Meituan in focus With no single headline event driving Meituan (SEHK:3690) today, recent share performance is drawing attention. The stock shows negative returns over the past week, month, past 3 months, year, and three and five year periods. See our latest analysis for Meituan. At the current share price of HK$97.2, Meituan’s recent 1 month share price return of a 5.91% decline sits alongside a 1 year total shareholder return of a 34.41% decline. This suggests...",197e9efc-536b-3f07-9eaa-46bb9be3f0a4
2026-02-02 17:00:02+00:00,AIA (AAGIY) Upgraded to Buy: What Does It Mean for the Stock?,https://finance.yahoo.com/news/aia-aagiy-upgraded-buy-does-170002300.html,Zacks,1299.HK,"AIA (AAGIY) has been upgraded to a Zacks Rank #2 (Buy), reflecting growing optimism about the company's earnings prospects. This might drive the stock higher in the near term.","AIA (AAGIY) has been upgraded to a Zacks Rank #2 (Buy), reflecting growing optimism about the company's earnings prospects. This might drive the stock higher in the near term.",b5206370-c90d-394f-b23d-61116a3eb9f0
2026-02-03 14:40:02+00:00,Are Finance Stocks Lagging  AIA (AAGIY) This Year?,https://finance.yahoo.com/news/finance-stocks-lagging-aia-aagiy-144002232.html,Zacks,1299.HK,Here is how AIA (AAGIY) and Bank of Montreal (BMO) have performed compared to their sector so far this year.,Here is how AIA (AAGIY) and Bank of Montreal (BMO) have performed compared to their sector so far this year.,1793e2f4-294e-3529-822a-736387c4adbe
2026-02-06 10:15:52+00:00,Dingdong to sell China operations for $717m,https://finance.yahoo.com/news/dingdong-sell-china-operations-717m-101552581.html,Retail Insight Network,3690.HK,"The grocery e-commerce group will sell all issued and outstanding shares of Dingdong Fresh Holding to Two Hearts Investments, which is wholly owned by Meituan.","The grocery e-commerce group will sell all issued and outstanding shares of Dingdong Fresh Holding to Two Hearts Investments, which is wholly owned by Meituan.",40cf544f-809e-3f87-bcbb-38e64fa4293e
2026-02-13 03:00:00+00:00,A Memory-Chip Shortage Is Squeezing Consumer Tech—and It’s Set to Get Worse,https://www.wsj.com/tech/a-memory-chip-shortage-is-squeezing-consumer-techand-its-set-to-get-worse-95002024?siteid=yhoof2&yptr=yahoo,The Wall Street Journal,1810.HK,"Facing soaring prices, the world’s biggest electronics companies are staring at a list of unpalatable responses.","Facing soaring prices, the world’s biggest electronics companies are staring at a list of unpalatable responses.",9239ad87-3c99-3361-a05b-0acd43f5aa6c
2026-02-13 12:14:18+00:00,NIO Inc. (NIO) Balances Recall With Strong Sales and Expansion,https://finance.yahoo.com/news/nio-inc-nio-balances-recall-121418080.html,Insider Monkey,1810.HK,"NIO Inc. (NYSE:NIO) is one of Goldman Sachs’ top penny stock picks. On February 9, NIO Inc. (NYSE:NIO) announced its largest recall yet, affecting 246229 ES8, ES6, and EC6 vehicles produced from 2018 to 2023 due to a software issue that can temporarily disable dashboard and control screens. The recall represents about three-quarters of its […]","NIO Inc. (NYSE:NIO) is one of Goldman Sachs’ top penny stock picks. On February 9, NIO Inc. (NYSE:NIO) announced its largest recall yet, affecting 246229 ES8, ES6, and EC6 vehicles produced from 2018 to 2023 due to a software issue that can temporarily disable dashboard and control screens. The recall represents about three-quarters of its […]",fd47a180-8ede-38bb-bc99-807b5e3c81c7
2026-02-13 14:40:04+00:00,Should Value Investors Buy Ping An Insurance Co. of China (PNGAY) Stock?,https://finance.yahoo.com/news/value-investors-buy-ping-insurance-144004132.html,Zacks,2318.HK,"Here at Zacks, our focus is on the proven Zacks Rank system, which emphasizes earnings estimates and estimate revisions to find great stocks. Nevertheless, we are always paying attention to the latest value, growth, and momentum trends to underscore strong picks.","Here at Zacks, our focus is on the proven Zacks Rank system, which emphasizes earnings estimates and estimate revisions to find great stocks. Nevertheless, we are always paying attention to the latest value, growth, and momentum trends to underscore strong picks.",3b1835ca-d29b-313e-b5b2-9b00f68fb5d7
2026-02-14 15:30:37+00:00,"From 'slippery slope' to 'existential threat,' auto CEOs sound alarm on Chinese competition",https://finance.yahoo.com/news/from-slippery-slope-to-existential-threat-auto-ceos-sound-alarm-on-chinese-competition-153037342.html,Yahoo Finance,1810.HK,"Western automakers, from the Big Three to EV pure plays, are delivering the same stark warning: Chinese automakers pose a threat to their survival if domestic production isn't protected.","Western automakers, from the Big Three to EV pure plays, are delivering the same stark warning: Chinese automakers pose a threat to their survival if domestic production isn't protected.",27227983-bcdc-4210-892d-c230724dcd60
2026-02-15 18:32:33+00:00,Tesla Rival Xiaomi's YU7 SUV Overtakes Model Y China Sales In January,https://finance.yahoo.com/news/tesla-rival-xiaomis-yu7-suv-183233313.html,Benzinga,1810.HK,"Xiaomi Corp. (OTC:XIACF) (OTC:XIACY) outsold Tesla Inc. (NASDAQ:TSLA) in China's electric vehicle market in January, with its YU7 SUV delivering more than double the sales of the U.S. EV maker’s Model Y, according to data released on Thursday by the China Passenger Car Association. The YU7 recorded 37,869 deliveries during the month, compared with 16,845 for the Model Y. The Model Y, previously December’s top seller, dropped to 20th place in January. Among new energy vehicles, it fell from first","Xiaomi Corp. (OTC:XIACF) (OTC:XIACY) outsold Tesla Inc. (NASDAQ:TSLA) in China's electric vehicle market in January, with its YU7 SUV delivering more than double the sales of the U.S. EV maker’s Model Y, according to data released on Thursday by the China Passenger Car Association. The YU7 recorded 37,869 deliveries during the month, compared with 16,845 for the Model Y. The Model Y, previously December’s top seller, dropped to 20th place in January. Among new energy vehicles, it fell from first",1230b1b0-7000-324b-ba13-60fbcee58a6f
2026-02-15 22:30:00+00:00,Rampant AI Demand for Memory Is Fueling a Growing Chip Crisis,https://finance.yahoo.com/news/rampant-ai-demand-memory-fueling-223000743.html,Bloomberg,1810.HK,"Since the start of 2026, Tesla Inc., Apple Inc. and a dozen other major corporations have signaled that the shortage of DRAM, or dynamic random access memory — the fundamental building block of almost all technology — will constrain production.  Cook warned it will compress iPhone margins.  Micron Technology Inc. called the bottleneck “unprecedented.”","Since the start of 2026, Tesla Inc., Apple Inc. and a dozen other major corporations have signaled that the shortage of DRAM, or dynamic random access memory — the fundamental building block of almost all technology — will constrain production.  Cook warned it will compress iPhone margins.  Micron Technology Inc. called the bottleneck “unprecedented.”",210bad59-edeb-3989-814d-47bc50d392dc
2026-02-16 02:07:48+00:00,Is AIA Group (SEHK:1299) Pricing Reflect Its Recent Share Surge And Insurance Sector Headlines,https://finance.yahoo.com/news/aia-group-sehk-1299-pricing-020748943.html,Simply Wall St.,1299.HK,"If you are wondering whether AIA Group is attractively priced right now, this article walks through what the numbers say about its valuation. The stock last closed at HK$80.30, with a 3.8% decline over 7 days, a 3.9% decline over 30 days, a 3.6% decline year to date, and a 46.6% gain over the past year, highlighting how sentiment around the shares has shifted over different time frames. Recently, investors have been reacting to ongoing news around AIA Group and the broader insurance sector...","If you are wondering whether AIA Group is attractively priced right now, this article walks through what the numbers say about its valuation. The stock last closed at HK$80.30, with a 3.8% decline over 7 days, a 3.9% decline over 30 days, a 3.6% decline year to date, and a 46.6% gain over the past year, highlighting how sentiment around the shares has shifted over different time frames. Recently, investors have been reacting to ongoing news around AIA Group and the broader insurance sector...",fbfad2ce-a03f-3e9e-a744-6687bf1be84c
2026-02-16 09:07:43+00:00,Assessing AIA Group (SEHK:1299) Valuation After Recent Results And Mixed Share Price Performance,https://finance.yahoo.com/news/assessing-aia-group-sehk-1299-090743742.html,Simply Wall St.,1299.HK,"AIA Group (SEHK:1299) has drawn investor attention after its latest reported figures showed revenue of $25,490m and net income of $6,056m, prompting fresh questions about how the insurer’s current valuation lines up with its fundamentals. See our latest analysis for AIA Group. Despite the latest figures, AIA Group’s recent trading has been softer, with a 1 day share price return of a 4.18% decline and a year to date share price return of a 3.60% decline. However, the 1 year total shareholder...","AIA Group (SEHK:1299) has drawn investor attention after its latest reported figures showed revenue of $25,490m and net income of $6,056m, prompting fresh questions about how the insurer’s current valuation lines up with its fundamentals. See our latest analysis for AIA Group. Despite the latest figures, AIA Group’s recent trading has been softer, with a 1 day share price return of a 4.18% decline and a year to date share price return of a 3.60% decline. However, the 1 year total shareholder...",073b6514-ba52-3376-a2e4-ffd44900111e
2026-02-17 12:03:17+00:00,Tesla Faces a New Test in China. A Fresh Rival Takes the Sales Lead,https://finance.yahoo.com/news/tesla-faces-test-china-fresh-120317759.html,GuruFocus.com,1810.HK,Xiaomi Shakes Up China's EV Market. What It Means for Established Players,Xiaomi Shakes Up China's EV Market. What It Means for Established Players,58b7e9ec-74c0-360a-b955-aefa5c3c7575
2026-02-17 18:13:23+00:00,Assessing Xiaomi (SEHK:1810) Valuation After Mixed Short And Long Term Share Returns,https://finance.yahoo.com/news/assessing-xiaomi-sehk-1810-valuation-181323759.html,Simply Wall St.,1810.HK,"Xiaomi (SEHK:1810) has drawn fresh attention after recent share price moves, with returns mixed across different periods and investors reassessing how its smartphones, IoT products, and internet services business fit in their portfolios. See our latest analysis for Xiaomi. At the latest share price of HK$36.66, Xiaomi’s 1-day share price return of a 0.49% decline and 7-day share price return of 4.15% sit against a 1-year total shareholder return of an 18.8% decline and a very large 3-year...","Xiaomi (SEHK:1810) has drawn fresh attention after recent share price moves, with returns mixed across different periods and investors reassessing how its smartphones, IoT products, and internet services business fit in their portfolios. See our latest analysis for Xiaomi. At the latest share price of HK$36.66, Xiaomi’s 1-day share price return of a 0.49% decline and 7-day share price return of 4.15% sit against a 1-year total shareholder return of an 18.8% decline and a very large 3-year...",9a49b6d0-3a4a-3abe-9c3d-24ca7d08eca1
2026-02-18 16:32:47+00:00,Tesla Falters in China Again: How to Play TSLA Stock as Xiaomi Outsells,https://finance.yahoo.com/news/tesla-falters-china-again-play-163247402.html,Barchart,1810.HK,"Tesla loses its top spot in China as Xiaomi’s YU7 surges, testing investor confidence amid lofty valuation and slowing deliveries.","Tesla loses its top spot in China as Xiaomi’s YU7 surges, testing investor confidence amid lofty valuation and slowing deliveries.",a19753a4-8cfd-3858-9a43-039f100c0766
2026-02-19 14:40:02+00:00,Is AIA (AAGIY) Stock Outpacing Its Finance Peers This Year?,https://finance.yahoo.com/news/aia-aagiy-stock-outpacing-finance-144002305.html,Zacks,1299.HK,Here is how AIA (AAGIY) and Bank of Montreal (BMO) have performed compared to their sector so far this year.,Here is how AIA (AAGIY) and Bank of Montreal (BMO) have performed compared to their sector so far this year.,a3f7976f-4594-3b6f-9cbd-de34931af9e8
2026-02-20 10:45:58+00:00,"Geopolitics, Tech Gyrations Roil Asian Stock Markets",https://finance.yahoo.com/news/geopolitics-tech-gyrations-roil-asian-104558125.html,MT Newswires,^HSI,"Asian stock markets turned in a choppy Friday in thinned holiday-action, as traders cautiously mulle","Asian stock markets turned in a choppy Friday in thinned holiday-action, as traders cautiously mulle",e964227f-840f-380d-adc8-e4ffb9e5a151
2026-02-23 09:55:33+00:00,Asian Stocks Shrug Off Tariff Jitters,https://www.wsj.com/livecoverage/stock-market-today-dow-sp-500-nasdaq-tariffs-02-23-2026/card/asian-stocks-shrug-off-tariff-jitters-1nUsLZrn1xmLYw4zWeEH?siteid=yhoof2&yptr=yahoo,The Wall Street Journal,^HSI,"Asian stocks rose broadly, with South Korea and Taiwan setting records, despite renewed trade uncertainty.  Hong Kong’s Hang Seng Index rose 2.5%.   South Korea’s Kospi composite closed at a record high, as did its biggest component, Samsung Electronics.","Asian stocks rose broadly, with South Korea and Taiwan setting records, despite renewed trade uncertainty.  Hong Kong’s Hang Seng Index rose 2.5%.   South Korea’s Kospi composite closed at a record high, as did its biggest component, Samsung Electronics.",c9ca5d76-e6ca-3919-b3ad-19202467e82f
2026-02-23 10:54:34+00:00,Hong Kong Leads Asian Stock Markets Higher in Thin Holiday Trading,https://finance.yahoo.com/news/hong-kong-leads-asian-stock-105434319.html,MT Newswires,^HSI,"Asian stock markets largely gained ground on Monday, led by a Hong Kong rally after the US Supreme C","Asian stock markets largely gained ground on Monday, led by a Hong Kong rally after the US Supreme C",fa3bcd59-0f7f-3fa4-9c20-782a9f23230a
2026-02-23 15:55:48+00:00,Scarcity value puts a rocket under China’s AI challengers,https://finance.yahoo.com/news/scarcity-value-puts-rocket-under-155548313.html,Financial Times,0700.HK,"Which is the better investment: a big, established tech group at a relatively modest valuation or an unproven fledgling at hundreds of times...","Which is the better investment: a big, established tech group at a relatively modest valuation or an unproven fledgling at hundreds of times...",82ab1782-1eb7-3841-9cb1-2516d2209fb5
2026-02-23 22:08:00+00:00,"Tech, Media & Telecom Roundup: Market Talk",https://www.wsj.com/tech/tech-media-telecom-roundup-market-talk-138d0af8?siteid=yhoof2&yptr=yahoo,The Wall Street Journal,3690.HK,"Find insight on Nvidia, AI’s impact on software companies and more in the latest Market Talks covering Technology, Media and Telecom.","Find insight on Nvidia, AI’s impact on software companies and more in the latest Market Talks covering Technology, Media and Telecom.",81791f08-b964-3ce4-8b84-e28554faa160
2026-02-23 22:08:00+00:00,"Tech, Media & Telecom Roundup: Market Talk",https://www.wsj.com/tech/tech-media-telecom-roundup-market-talk-138d0af8?siteid=yhoof2&yptr=yahoo,The Wall Street Journal,^HSI,"Find insight on Nvidia, AI’s impact on software companies and more in the latest Market Talks covering Technology, Media and Telecom.","Find insight on Nvidia, AI’s impact on software companies and more in the latest Market Talks covering Technology, Media and Telecom.",81791f08-b964-3ce4-8b84-e28554faa160
2026-02-24 09:12:41+00:00,Tencent Faces UK Pension Scrutiny While Valuation Signals Potential Upside,https://finance.yahoo.com/news/tencent-faces-uk-pension-scrutiny-091241511.html,Simply Wall St.,0700.HK,"UK Parliament’s pension fund faces criticism for indirect exposure to Tencent Holdings (SEHK:700) through pooled investments. Concerns focus on potential links between Tencent and China’s military under military civil fusion policies. Debate has intensified because the same fund excludes major British defence firms on ESG grounds. Tencent is a large Chinese technology group with businesses spanning social media, online gaming and digital payments, which makes it a common holding in global...","UK Parliament’s pension fund faces criticism for indirect exposure to Tencent Holdings (SEHK:700) through pooled investments. Concerns focus on potential links between Tencent and China’s military under military civil fusion policies. Debate has intensified because the same fund excludes major British defence firms on ESG grounds. Tencent is a large Chinese technology group with businesses spanning social media, online gaming and digital payments, which makes it a common holding in global...",c4c5e635-b4d2-3d29-a80c-e5076f67332d
2026-02-24 10:41:37+00:00,"Tech, AI Outlooks Roil But Broadly Lift Asian Stock Markets",https://finance.yahoo.com/news/tech-ai-outlooks-roil-broadly-104137243.html,MT Newswires,^HSI,"Asian stock markets tracked unevenly higher Tuesday, as some tech issues faded on AI-disruption conc","Asian stock markets tracked unevenly higher Tuesday, as some tech issues faded on AI-disruption conc",c9d9dd64-e991-3863-b7d3-a4054d6e34c6
2026-02-25 08:25:01+00:00,ByteDance's AI chatbot Doubao wins China holiday battle with 100 million users,https://finance.yahoo.com/news/bytedances-ai-chatbot-doubao-wins-082501622.html,Reuters,0700.HK,"BEIJING, Feb 25 (Reuters) - ByteDance's Doubao chatbot attracted over 100 million daily active users during China's Lunar New Year holiday, winning an AI battle that saw ‌the country's largest tech companies spend billions to acquire new users, a private survey showed.","BEIJING, Feb 25 (Reuters) - ByteDance's Doubao chatbot attracted over 100 million daily active users during China's Lunar New Year holiday, winning an AI battle that saw ‌the country's largest tech companies spend billions to acquire new users, a private survey showed.",d13b87f4-af5b-3d77-9617-d3c187da2815
2026-02-25 09:09:29+00:00,Xiaomi challenges India tax authority over tariffs on royalties in closely watched case,https://finance.yahoo.com/news/xiaomi-challenges-india-tax-authority-090929959.html,Reuters,1810.HK,"By Arpan Chaturvedi and Aditya Kalra NEW DELHI, Feb 25 (Reuters) - Xiaomi has challenged an Indian tax ruling that said the company evaded $72 million in tariffs on royalty payments, according to","By Arpan Chaturvedi and Aditya Kalra NEW DELHI, Feb 25 (Reuters) - Xiaomi has challenged an Indian tax ruling that said the company evaded $72 million in tariffs on royalty payments, according to",5d322290-8e7f-3469-9dfb-51cc703f2886
2026-02-25 09:15:22+00:00,Wall Street rises and FTSE hits fresh record high ahead of Nvidia earnings,https://finance.yahoo.com/news/live/ftse-100-live-stocks-rise-uk-energy-bills-ofgem-091522017.html,Yahoo Finance UK,^HSI,Morgan Stanley analysts expressed confidence that the company would perform well for the full year,Morgan Stanley analysts expressed confidence that the company would perform well for the full year,f9867ab3-bc49-4c4d-8cac-0bb4e2b8d8af
2026-02-25 10:42:56+00:00,"AI Fears Ebb, Record Highs Struck on Asian Stock Markets",https://finance.yahoo.com/news/ai-fears-ebb-record-highs-104256853.html,MT Newswires,^HSI,"Asian stock markets rallied Wednesday on Wall Street cues, with multiple record-highs tallied as tra","Asian stock markets rallied Wednesday on Wall Street cues, with multiple record-highs tallied as tra",4265174c-b877-3af3-9f33-19bf43fa2568
2026-02-25 18:58:36+00:00,Nvidia's China Window Remains Closed,https://finance.yahoo.com/news/nvidias-china-window-remains-closed-185836190.html,GuruFocus.com,0700.HK,"H200 Exports Approved, Not Delivered","H200 Exports Approved, Not Delivered",bdfaea3b-acd3-3a63-a7e1-1559f38e0369
2026-02-26 03:26:23+00:00,Baidu’s Swift $11 Billion Selloff Shows Struggle to Meet AI Hype,https://finance.yahoo.com/news/baidu-swift-11-billion-selloff-235019137.html,Bloomberg,0700.HK,"The search engine specialist kicks off December-quarter earnings for China’s Big Tech on Thursday, amid growing concern that its AI investments are not translating into a meaningful growth driver quickly enough.  “In the crowded field of Chinese AI players, Baidu is viewed more as an optionality or valuation‑driven sum‑of‑the-parts story rather than a clearly defined long‑term winner,” said Gary Tan, portfolio manager at Allspring Global Investments LLC. “Baidu must demonstrate it is leveraging its AI capabilities to build a true full stack AI platform rather than acting as a jack of all trades.”  Baidu was among the first Chinese companies to embrace AI and roll out a ChatGPT-like service, but it has lost leadership in the field to larger rivals as well as newcomers like DeepSeek.","The search engine specialist kicks off December-quarter earnings for China’s Big Tech on Thursday, amid growing concern that its AI investments are not translating into a meaningful growth driver quickly enough.  “In the crowded field of Chinese AI players, Baidu is viewed more as an optionality or valuation‑driven sum‑of‑the-parts story rather than a clearly defined long‑term winner,” said Gary Tan, portfolio manager at Allspring Global Investments LLC. “Baidu must demonstrate it is leveraging its AI capabilities to build a true full stack AI platform rather than acting as a jack of all trades.”  Baidu was among the first Chinese companies to embrace AI and roll out a ChatGPT-like service, but it has lost leadership in the field to larger rivals as well as newcomers like DeepSeek.",b0c801ac-fdfb-3cff-9f24-0d6664f17978
2026-02-26 09:06:30+00:00,Wall Street slips and FTSE rises as traders assess Nvidia earnings and US jobs data,https://finance.yahoo.com/news/live/ftse-100-live-stocks-nvidia-earnings-us-tariffs-iran-talks-090630178.html,Yahoo Finance UK,^HSI,Nvidia's results beat analysts' expectations on the top and bottom lines,Nvidia's results beat analysts' expectations on the top and bottom lines,97f6daef-d13f-40ef-8ab8-3a2741760792
2026-02-26 11:09:45+00:00,Tech Outlook Undergirds Asian Stock Markets,https://finance.yahoo.com/news/tech-outlook-undergirds-asian-stock-110945137.html,MT Newswires,^HSI,"Asian stock markets largely rallied Thursday, after US-based tech bellwether and chipmaker Nvidia's","Asian stock markets largely rallied Thursday, after US-based tech bellwether and chipmaker Nvidia's",03ba178f-07fc-3c78-b7a4-d3ec343473da
2026-02-26 11:56:00+00:00,Baidu Profit Drops as Revenue Decline Continues,https://finance.yahoo.com/news/baidu-profit-drops-revenue-decline-115600207.html,The Wall Street Journal,0700.HK,"The Chinese search reported sharply lower profit, with revenue declining for a third straight quarter, as it struggles to transform its businesses in the AI era.","The Chinese search reported sharply lower profit, with revenue declining for a third straight quarter, as it struggles to transform its businesses in the AI era.",8aa8b1aa-8756-307e-898b-126646fccded
2026-02-26 14:20:33+00:00,"HSBC cuts U.S. exposure, boosts EM equities",https://finance.yahoo.com/news/hsbc-cuts-u-exposure-boosts-142033720.html,Investing.com,0005.HK,"Investing.com -- HSBC has reduced its exposure to U.S. equities while increasing allocations to Europe and emerging markets, saying its tactical asset allocation remains “firmly risk-on.”","Investing.com -- HSBC has reduced its exposure to U.S. equities while increasing allocations to Europe and emerging markets, saying its tactical asset allocation remains “firmly risk-on.”",2e5bd77d-f6dd-37e1-a2ec-9f4129d9093d
2026-02-26 15:05:28+00:00,Why Baidu Stock Is Falling Today,https://finance.yahoo.com/news/baidu-shares-slide-ai-costs-150528145.html,GuruFocus.com,0700.HK,Investors Question Baidu's AI Ambitions as Earnings Pressure Mounts,Investors Question Baidu's AI Ambitions as Earnings Pressure Mounts,d20e3bb7-c93c-3fa7-91f7-281b0a0aaa34
2026-02-26 15:05:28+00:00,Why Baidu Stock Is Falling Today,https://finance.yahoo.com/news/baidu-shares-slide-ai-costs-150528145.html,GuruFocus.com,9988.HK,Investors Question Baidu's AI Ambitions as Earnings Pressure Mounts,Investors Question Baidu's AI Ambitions as Earnings Pressure Mounts,d20e3bb7-c93c-3fa7-91f7-281b0a0aaa34
2026-02-26 15:22:19+00:00,"CrowdStrike (CRWD)’s Killing It, Says Jim Cramer",https://finance.yahoo.com/news/crowdstrike-crwd-killing-says-jim-152219991.html,Insider Monkey,0005.HK,"We recently published 12 Stocks on Jim Cramer’s Radar. CrowdStrike Holdings, Inc. (NASDAQ:CRWD) is one of the stocks on Jim Cramer’s radar. CrowdStrike Holdings, Inc. (NASDAQ:CRWD) is a cybersecurity company. Its shares are down by 6.3% over the past year and by 21% year-to-date. The stock tumbled last week after AI firm Anthropic announced a new […]","We recently published 12 Stocks on Jim Cramer’s Radar. CrowdStrike Holdings, Inc. (NASDAQ:CRWD) is one of the stocks on Jim Cramer’s radar. CrowdStrike Holdings, Inc. (NASDAQ:CRWD) is a cybersecurity company. Its shares are down by 6.3% over the past year and by 21% year-to-date. The stock tumbled last week after AI firm Anthropic announced a new […]",b6117599-bf83-3fc9-b295-d86e6a80689d
2026-02-26 16:25:40+00:00,HSBC names generative AI a leading investment area,https://finance.yahoo.com/news/hsbc-names-generative-ai-leading-162540449.html,CIO Dive,0005.HK,"The global bank plans to use the technology for employee assistance, process reengineering and customer experience.","The global bank plans to use the technology for employee assistance, process reengineering and customer experience.",9b7ba837-1b39-306a-a2d9-14293b38ca33
2026-02-26 17:00:03+00:00,Are You Looking for a Top Momentum Pick? Why HSBC (HSBC) is a Great Choice,https://finance.yahoo.com/news/looking-top-momentum-pick-why-170003960.html,Zacks,0005.HK,Does HSBC (HSBC) have what it takes to be a top stock pick for momentum investors? Let's find out.,Does HSBC (HSBC) have what it takes to be a top stock pick for momentum investors? Let's find out.,527c2448-d719-33d0-901c-3e6e302455bd
2026-02-26 21:08:00+00:00,Payoneer Global Inc (PAYO) Q4 2025 Earnings Call Highlights: Record Revenue Growth and ...,https://finance.yahoo.com/news/payoneer-global-inc-payo-q4-210800252.html,GuruFocus.com,9988.HK,"Payoneer Global Inc (PAYO) reports a 14% revenue growth and a significant shift towards AI-first strategies, despite facing challenges from market transitions and increased operating expenses.","Payoneer Global Inc (PAYO) reports a 14% revenue growth and a significant shift towards AI-first strategies, despite facing challenges from market transitions and increased operating expenses.",9e62ad20-66c6-35bb-8388-d20447f1f0fa
2026-02-26 23:11:24+00:00,Is Tencent Holdings (SEHK:700) Pricing Look Attractive After Recent Regulatory Headlines?,https://finance.yahoo.com/news/tencent-holdings-sehk-700-pricing-231124878.html,Simply Wall St.,0700.HK,"If you are wondering whether Tencent Holdings is offering fair value right now, you are not alone, especially with the stock still closely watched by long term investors. The share price closed at HK$512.0, with returns of a 3.9% decline over 7 days, a 15.7% decline over 30 days, a 17.8% decline year to date, a 4.3% gain over 1 year, a 44.6% gain over 3 years and a 16.9% decline over 5 years, which gives a mixed picture for anyone trying to judge current pricing. Recent headlines have...","If you are wondering whether Tencent Holdings is offering fair value right now, you are not alone, especially with the stock still closely watched by long term investors. The share price closed at HK$512.0, with returns of a 3.9% decline over 7 days, a 15.7% decline over 30 days, a 17.8% decline year to date, a 4.3% gain over 1 year, a 44.6% gain over 3 years and a 16.9% decline over 5 years, which gives a mixed picture for anyone trying to judge current pricing. Recent headlines have...",a31dfa41-0687-34d1-af96-23f25b47729a
2026-02-27 01:13:57+00:00,Is It Time To Reassess Meituan (SEHK:3690) After Its Prolonged Share Price Slide?,https://finance.yahoo.com/news/time-reassess-meituan-sehk-3690-011357037.html,Simply Wall St.,3690.HK,"If you are wondering whether Meituan's current share price still reflects its long term potential or if the market has simply become too cautious, a closer look at what you are paying for each unit of business performance can be very revealing. Meituan's share price recently closed at HK$80.45, with returns of 1.9% decline over 7 days, 16.7% decline over 30 days, 23.1% decline year to date, and 53.4% decline over 1 year, extending to 43.1% decline over 3 years and 76.3% decline over 5...","If you are wondering whether Meituan's current share price still reflects its long term potential or if the market has simply become too cautious, a closer look at what you are paying for each unit of business performance can be very revealing. Meituan's share price recently closed at HK$80.45, with returns of 1.9% decline over 7 days, 16.7% decline over 30 days, 23.1% decline year to date, and 53.4% decline over 1 year, extending to 43.1% decline over 3 years and 76.3% decline over 5...",29499cb1-f1b5-381c-ba5a-3fdd0cc80ee3
2026-02-27 01:14:21+00:00,HSBC Reshapes Returns Story With Record Profit And Hang Seng Deal,https://finance.yahoo.com/news/hsbc-reshapes-returns-story-record-011421750.html,Simply Wall St.,0005.HK,"HSBC Holdings (LSE:HSBA) has reported record annual profit under its new CEO. The bank has accelerated its cost savings plan, reaching its target six months ahead of schedule. HSBC has completed the $13.7b privatization of Hang Seng Bank as part of a wider restructuring. With shares at £13.98, HSBC Holdings comes into this news after strong recent share price performance, including a 17.3% gain year to date and 61.6% over the past year. Longer term, the stock has delivered very large...","HSBC Holdings (LSE:HSBA) has reported record annual profit under its new CEO. The bank has accelerated its cost savings plan, reaching its target six months ahead of schedule. HSBC has completed the $13.7b privatization of Hang Seng Bank as part of a wider restructuring. With shares at £13.98, HSBC Holdings comes into this news after strong recent share price performance, including a 17.3% gain year to date and 61.6% over the past year. Longer term, the stock has delivered very large...",bf6aee62-0b80-30c6-a39b-1bb04de85b12
2026-02-27 10:44:08+00:00,"Tech, Stimulus Outlooks Nudge Asian Stock Markets Higher",https://finance.yahoo.com/news/tech-stimulus-outlooks-nudge-asian-104408343.html,MT Newswires,^HSI,"Asian stock markets edged unevenly higher Friday, as traders looked for values after recent bear mov","Asian stock markets edged unevenly higher Friday, as traders looked for values after recent bear mov",e9caa2ff-3c08-3033-8250-ed1ba9157ffc
2026-02-27 11:47:32+00:00,"DBS, SMFG others vie for HSBC Indonesia retail unit – report",https://finance.yahoo.com/news/dbs-smfg-others-vie-hsbc-114732711.html,Retail Banker International,0005.HK,"Interested banks include DBS Group, OCBC, UOB, Malaysia’s CIMB Group, and Japan’s Sumitomo Mitsui Financial Group.","Interested banks include DBS Group, OCBC, UOB, Malaysia’s CIMB Group, and Japan’s Sumitomo Mitsui Financial Group.",27841762-6b31-3798-8f39-90b5d2724c9b
2026-02-27 13:14:00+00:00,Grab 3 Stocks That Announced Dividend Hikes Amid Market Volatility,https://finance.yahoo.com/news/grab-3-stocks-announced-dividend-131400879.html,Zacks,0005.HK,"Amid 2026 market volatility, HSBC, STN and CRM stand out after announcing fresh dividend hikes, offering investors steady income as uncertainty lingers.","Amid 2026 market volatility, HSBC, STN and CRM stand out after announcing fresh dividend hikes, offering investors steady income as uncertainty lingers.",29c85308-4bb2-3ceb-bac0-a0286bc7d47a
2026-02-27 13:25:55+00:00,"BCA turns neutral on U.S. stocks, following HSBC",https://finance.yahoo.com/news/bca-turns-neutral-u-stocks-132555825.html,Investing.com,0005.HK,"Investing.com -- BCA Research has shifted its stance on U.S. equities to neutral, mirroring a similar move by HSBC on thursday, after revised employment data showed the labour market had been far weaker than previously understood.","Investing.com -- BCA Research has shifted its stance on U.S. equities to neutral, mirroring a similar move by HSBC on thursday, after revised employment data showed the labour market had been far weaker than previously understood.",161244a8-057e-33ca-b77a-ef45924b6ed6
2026-02-27 14:00:06+00:00,Alibaba Group Holding Limited (BABA) is Attracting Investor Attention: Here is What You Should Know,https://finance.yahoo.com/news/alibaba-group-holding-limited-baba-140006414.html,Zacks,9988.HK,"Zacks.com users have recently been watching Alibaba (BABA) quite a bit. Thus, it is worth knowing the facts that could determine the stock's prospects.","Zacks.com users have recently been watching Alibaba (BABA) quite a bit. Thus, it is worth knowing the facts that could determine the stock's prospects.",112b5897-ba19-3bc9-b343-7ebdf545e2ed
2026-02-27 14:27:33+00:00,Xiaomi launches safety advisory committee after EV accidents in China,https://finance.yahoo.com/news/xiaomi-launches-safety-advisory-committee-142733259.html,Reuters,1810.HK,"BEIJING, Feb 27 () - Chinese electric vehicle maker Xiaomi said on Friday that it will set up a committee of advisers to assess the ‌safety of its cars, as it moves to combat rising criticism over ‌a recent spate of accidents. The company also plans to hold regular meetings with car owners, media and experts ​to hear their suggestions regarding the safety of its vehicles, with the first session set for the first half of this year, Hou Jinglei, head of Xiaomi's EV safety department, said during a","BEIJING, Feb 27 () - Chinese electric vehicle maker Xiaomi said on Friday that it will set up a committee of advisers to assess the ‌safety of its cars, as it moves to combat rising criticism over ‌a recent spate of accidents. The company also plans to hold regular meetings with car owners, media and experts ​to hear their suggestions regarding the safety of its vehicles, with the first session set for the first half of this year, Hou Jinglei, head of Xiaomi's EV safety department, said during a",bad324b7-4cce-33cc-90fb-d89c05492d35
2026-02-27 14:59:00+00:00,Will Heavy Capex Spending Weigh on Amazon's AI Ambitions?,https://finance.yahoo.com/news/heavy-capex-spending-weigh-amazons-145900177.html,Zacks,9988.HK,"AMZN plans a $200 billion capex surge for 2026 after record Q4 results, but shrinking free cash flow raises stakes for its AI growth ambitions.","AMZN plans a $200 billion capex surge for 2026 after record Q4 results, but shrinking free cash flow raises stakes for its AI growth ambitions.",fa139996-709d-3da7-a9fc-9e0459c6adaa
2026-02-27 15:50:25+00:00,Strengthen Your Passive Income Stream with High-Yielding REITs,https://finance.yahoo.com/news/strengthen-passive-income-stream-high-155025069.html,24/7 Wall St.,0005.HK,"With all of the chaos in the markets, it’s a good idea to protect your portfolio and generate income with high-yielding stocks. Look at real estate investment trusts (REITs), for example. For one, most are a great hedge against inflation. After all, when inflation rises, so do a lot of rents. Two, we’re seeing a ... Strengthen Your Passive Income Stream with High-Yielding REITs","With all of the chaos in the markets, it’s a good idea to protect your portfolio and generate income with high-yielding stocks. Look at real estate investment trusts (REITs), for example. For one, most are a great hedge against inflation. After all, when inflation rises, so do a lot of rents. Two, we’re seeing a ... Strengthen Your Passive Income Stream with High-Yielding REITs",f767c180-1f4f-30fb-96c0-71f3a3742def
2026-02-27 20:07:29+00:00,Contrarian Capital Scales Back on Core Natural Resources as Coal Markets Normalize,https://finance.yahoo.com/news/contrarian-capital-scales-back-core-200729367.html,Motley Fool,9988.HK,"Coal markets have moved beyond the emergency pricing that once benefited producers like Core Natural Resources. With supply constraints easing and demand patterns stabilizing, the company now operates in a more conventional commodity cycle.","Coal markets have moved beyond the emergency pricing that once benefited producers like Core Natural Resources. With supply constraints easing and demand patterns stabilizing, the company now operates in a more conventional commodity cycle.",d2061b15-2a8a-3d62-8855-0e96fcba7d7e
2026-02-27 21:47:40+00:00,"Earnings live: Block mass layoffs earn Wall Street's approval, Duolingo shares plunge",https://finance.yahoo.com/news/live/earnings-live-block-mass-layoffs-earn-wall-streets-approval-duolingo-shares-plunge-214740021.html,Yahoo Finance,9988.HK,"The S&P 500 was on track for double-digit earnings growth, with more than half of companies having reported Q4 results so far.","The S&P 500 was on track for double-digit earnings growth, with more than half of companies having reported Q4 results so far.",19cd1080-a43d-4393-8ed1-77d2b30d3322
2026-02-27 22:22:29+00:00,"Stock Market Today, Feb. 27: Coupang Rises After Investors Focus on Stabilization Following Data Incident",https://finance.yahoo.com/news/stock-market-today-feb-27-222229069.html,Motley Fool,9988.HK,"Today, Feb. 27, 2026, investors are weighing Coupang’s post‑breach recovery plan, buybacks, and fresh guidance against sector-wide pressure.","Today, Feb. 27, 2026, investors are weighing Coupang’s post‑breach recovery plan, buybacks, and fresh guidance against sector-wide pressure.",03acaebf-353e-3769-bce3-84bee1bd53a6
2026-02-27 22:42:00+00:00,"Buy the Dip in Nvidia Stock After Q4 Earnings, or is it Too Soon?",https://finance.yahoo.com/news/buy-dip-nvidia-stock-q4-224200117.html,Zacks,9988.HK,"Despite posting blowout quarterly results as usual, Nvidia stock is now down over 6% since its Q4 report on Wednesday amid AI sustainability concerns.","Despite posting blowout quarterly results as usual, Nvidia stock is now down over 6% since its Q4 report on Wednesday amid AI sustainability concerns.",86f07d04-3966-3990-ae56-3062ce30d0bd
2026-02-27 22:45:04+00:00,Alibaba (BABA) Sees a More Significant Dip Than Broader Market: Some Facts to Know,https://finance.yahoo.com/news/alibaba-baba-sees-more-significant-224504288.html,Zacks,9988.HK,"The latest trading day saw Alibaba (BABA) settling at $144.11, representing a -2.66% change from its previous close.","The latest trading day saw Alibaba (BABA) settling at $144.11, representing a -2.66% change from its previous close.",35360452-7117-3c64-8577-1d09f5489fa7
2026-02-28 12:36:14+00:00,HSBC Q4 Earnings Call Highlights,https://finance.yahoo.com/news/hsbc-q4-earnings-call-highlights-123614253.html,MarketBeat,0005.HK,"HSBC (NYSE:HSBC) used its full-year 2025 fixed income investor call to highlight record profitability, continued simplification progress, and a balance sheet it described as highly liquid and capital generative, alongside updated medium-term targets and a detailed 2026 debt issuance plan. 2025 fina","HSBC (NYSE:HSBC) used its full-year 2025 fixed income investor call to highlight record profitability, continued simplification progress, and a balance sheet it described as highly liquid and capital generative, alongside updated medium-term targets and a detailed 2026 debt issuance plan. 2025 fina",3323347c-7c76-31bf-9d47-2fe6f2e0e3a0
2026-02-28 13:08:02+00:00,Alibaba AI Push And Chip Effort Meet Discounted Valuation On BABA Stock,https://finance.yahoo.com/news/alibaba-ai-push-chip-effort-130802573.html,Simply Wall St.,9988.HK,"Alibaba Group Holding (NYSE:BABA) is expanding its AI footprint with a new multi-model AI coding subscription from its cloud division. The service places several leading open-source AI models into a single plan for enterprise developers. Alibaba is also rolling out a self-developed AI chip designed for training and inference workloads. The chip effort is intended to lessen dependence on external suppliers, including those affected by export restrictions. For you as an investor, this update...","Alibaba Group Holding (NYSE:BABA) is expanding its AI footprint with a new multi-model AI coding subscription from its cloud division. The service places several leading open-source AI models into a single plan for enterprise developers. Alibaba is also rolling out a self-developed AI chip designed for training and inference workloads. The chip effort is intended to lessen dependence on external suppliers, including those affected by export restrictions. For you as an investor, this update...",a5e2ec04-ac04-3c0e-97bb-008765c02884
2026-02-28 16:55:27+00:00,"VNET Group, Inc. (VNET): A Bull Case Theory",https://finance.yahoo.com/news/vnet-group-inc-vnet-bull-165527644.html,Insider Monkey,0700.HK,"We came across a bullish thesis on VNET Group, Inc. on Agon Investments’s Substack. In this article, we will summarize the bulls’ thesis on VNET. VNET Group, Inc.’s share was trading at $11.85 as of February 20th. VNET’s forward P/E was 25.64 according to Yahoo Finance. VNET Group, Inc. sits at the center of China’s AI infrastructure supercycle, providing hosting and […]","We came across a bullish thesis on VNET Group, Inc. on Agon Investments’s Substack. In this article, we will summarize the bulls’ thesis on VNET. VNET Group, Inc.’s share was trading at $11.85 as of February 20th. VNET’s forward P/E was 25.64 according to Yahoo Finance. VNET Group, Inc. sits at the center of China’s AI infrastructure supercycle, providing hosting and […]",e5534f70-ca8e-36c4-86d7-1b84e26dc183
2026-03-01 02:36:07+00:00,China’s annual policy summit to focus on tech shift and debt issuance,https://finance.yahoo.com/news/china-annual-policy-summit-focus-023607982.html,Investing.com,0700.HK,"Investing.com – China is expected to set a 2026 economic growth target of 4.5%–5.0% during its upcoming National People’s Congress (NPC), signaling that policymakers may be willing to accept a slower expansion in exchange for long-term structural health.","Investing.com – China is expected to set a 2026 economic growth target of 4.5%–5.0% during its upcoming National People’s Congress (NPC), signaling that policymakers may be willing to accept a slower expansion in exchange for long-term structural health.",380aafde-da25-3998-8b93-2e0943982534
